{"id": "lung_20251223_024410", "ct": {"type": "CT", "rows": 256, "cols": 256, "spacing": [1.953124, 1.953124], "origin": [-249.511719, -483.011719, -325.200012], "z_positions": [-325.200012, -328.200012, -331.200012, -334.200012, -337.200012, -340.200012, -343.200012, -346.200012, -349.200012, -352.200012, -355.200012, -358.200012, -361.200012, -364.200012, -367.200012, -370.200012, -373.200012, -376.200012, -379.200012, -382.200012, -385.200012, -388.200012, -391.200012, -394.200012, -397.200012], "count": 25, "dataType": "uint8", "lut": [-1000.0, -575.0, -150.0, -104.54545454545455, -59.09090909090909, -13.636363636363654, 31.818181818181813, 77.27272727272725, 122.72727272727269, 168.1818181818182, 213.63636363636363, 259.0909090909091, 304.5454545454545, 350.0, 386.1111111111111, 422.22222222222223, 458.3333333333333, 494.44444444444446, 530.5555555555555, 566.6666666666666, 602.7777777777778, 638.8888888888889, 675.0, 711.1111111111111, 747.2222222222222, 783.3333333333333, 819.4444444444445, 855.5555555555555, 891.6666666666667, 927.7777777777777, 963.8888888888889, 1000.0], "chunks": 1, "compressed": true}, "doses": {"RD.Lung.VMAT": {"filename": "RD.Lung.VMAT.bin", "rows": 189, "cols": 231, "origin": [-251.4981729, -449.4451438, -398.700012], "spacing": [2.0, 2.0], "max_dose": 64.0578842163086, "z_positions": [-398.700012, -397.200012, -395.700012, -394.200012, -392.700012, -391.200012, -389.700012, -388.200012, -386.700012, -385.200012, -383.700012, -382.200012, -380.700012, -379.200012, -377.700012, -376.200012, -374.700012, -373.200012, -371.700012, -370.200012, -368.700012, -367.200012, -365.700012, -364.200012, -362.700012, -361.200012, -359.700012, -358.200012, -356.700012, -355.200012, -353.700012, -352.200012, -350.700012, -349.200012, -347.700012, -346.200012, -344.700012, -343.200012, -341.700012, -340.200012, -338.700012, -337.200012, -335.700012, -334.200012, -332.700012, -331.200012, -329.700012, -328.200012, -326.700012, -325.200012], "prescription": 64.0578842163086, "chunks": 1, "compressed": true}, "RD.Lung.AP": {"filename": "RD.Lung.AP.bin", "rows": 189, "cols": 231, "origin": [-251.4981729, -449.4451438, -398.700012], "spacing": [2.0, 2.0], "max_dose": 56.5142822265625, "z_positions": [-398.700012, -397.200012, -395.700012, -394.200012, -392.700012, -391.200012, -389.700012, -388.200012, -386.700012, -385.200012, -383.700012, -382.200012, -380.700012, -379.200012, -377.700012, -376.200012, -374.700012, -373.200012, -371.700012, -370.200012, -368.700012, -367.200012, -365.700012, -364.200012, -362.700012, -361.200012, -359.700012, -358.200012, -356.700012, -355.200012, -353.700012, -352.200012, -350.700012, -349.200012, -347.700012, -346.200012, -344.700012, -343.200012, -341.700012, -340.200012, -338.700012, -337.200012, -335.700012, -334.200012, -332.700012, -331.200012, -329.700012, -328.200012, -326.700012, -325.200012], "prescription": 56.5142822265625, "chunks": 1, "compressed": true}, "RD.Lung.MultiField": {"filename": "RD.Lung.MultiField.bin", "rows": 189, "cols": 231, "origin": [-251.4981729, -449.4451438, -398.700012], "spacing": [2.0, 2.0], "max_dose": 64.70015716552734, "z_positions": [-398.700012, -397.200012, -395.700012, -394.200012, -392.700012, -391.200012, -389.700012, -388.200012, -386.700012, -385.200012, -383.700012, -382.200012, -380.700012, -379.200012, -377.700012, -376.200012, -374.700012, -373.200012, -371.700012, -370.200012, -368.700012, -367.200012, -365.700012, -364.200012, -362.700012, -361.200012, -359.700012, -358.200012, -356.700012, -355.200012, -353.700012, -352.200012, -350.700012, -349.200012, -347.700012, -346.200012, -344.700012, -343.200012, -341.700012, -340.200012, -338.700012, -337.200012, -335.700012, -334.200012, -332.700012, -331.200012, -329.700012, -328.200012, -326.700012, -325.200012], "prescription": 64.70015716552734, "chunks": 1, "compressed": true}}, "structs": {"RS.Lung.AutoSS": "RS.Lung.AutoSS.json"}}