{"id": "Prostate_20251212_142004", "ct": {"type": "CT", "rows": 512, "cols": 512, "spacing": [0.908203124, 0.908203124], "origin": [-232.5, -91.5, -1005.5], "z_positions": [-1005.5, -1007.5, -1009.5, -1011.5, -1013.5, -1015.5, -1017.5, -1019.5, -1021.5, -1023.5, -1025.5, -1027.5, -1029.5, -1031.5, -1033.5, -1035.5, -1037.5, -1039.5, -1041.5, -1043.5, -1045.5, -1047.5, -1049.5, -1051.5, -1053.5, -1055.5, -1057.5, -1059.5, -1061.5, -1063.5, -1065.5, -1067.5, -1069.5, -1071.5, -1073.5, -1075.5, -1077.5, -1079.5, -1081.5, -1083.5, -1085.5, -1087.5, -1089.5, -1091.5, -1093.5, -1095.5, -1097.5, -1099.5, -1101.5, -1103.5, -1105.5, -1107.5, -1109.5, -1111.5, -1113.5, -1115.5, -1117.5, -1119.5, -1121.5, -1123.5, -1125.5, -1127.5], "count": 62, "dataType": "uint8", "lut": [-1000.0, -575.0, -150.0, -104.54545454545455, -59.09090909090909, -13.636363636363654, 31.818181818181813, 77.27272727272725, 122.72727272727269, 168.1818181818182, 213.63636363636363, 259.0909090909091, 304.5454545454545, 350.0, 386.1111111111111, 422.22222222222223, 458.3333333333333, 494.44444444444446, 530.5555555555555, 566.6666666666666, 602.7777777777778, 638.8888888888889, 675.0, 711.1111111111111, 747.2222222222222, 783.3333333333333, 819.4444444444445, 855.5555555555555, 891.6666666666667, 927.7777777777777, 963.8888888888889, 1000.0], "chunks": 1, "compressed": true}, "doses": {"RD.3D_60Gy": {"filename": "RD.3D_60Gy.bin", "rows": 138, "cols": 196, "origin": [-201.0, -37.0, -1127.5], "spacing": [2.0, 2.0], "max_dose": 61.645774841308594, "z_positions": [-1127.5, -1125.5, -1123.5, -1121.5, -1119.5, -1117.5, -1115.5, -1113.5, -1111.5, -1109.5, -1107.5, -1105.5, -1103.5, -1101.5, -1099.5, -1097.5, -1095.5, -1093.5, -1091.5, -1089.5, -1087.5, -1085.5, -1083.5, -1081.5, -1079.5, -1077.5, -1075.5, -1073.5, -1071.5, -1069.5, -1067.5, -1065.5, -1063.5, -1061.5, -1059.5, -1057.5, -1055.5, -1053.5, -1051.5, -1049.5, -1047.5, -1045.5, -1043.5, -1041.5, -1039.5, -1037.5, -1035.5, -1033.5, -1031.5, -1029.5, -1027.5, -1025.5, -1023.5, -1021.5, -1019.5, -1017.5, -1015.5, -1013.5, -1011.5, -1009.5, -1007.5, -1005.5], "prescription": 60.0, "chunks": 1, "compressed": true}, "RD.VMAT_60Gy": {"filename": "RD.VMAT_60Gy.bin", "rows": 138, "cols": 196, "origin": [-201.0, -37.0, -1127.5], "spacing": [2.0, 2.0], "max_dose": 62.59926223754883, "z_positions": [-1127.5, -1125.5, -1123.5, -1121.5, -1119.5, -1117.5, -1115.5, -1113.5, -1111.5, -1109.5, -1107.5, -1105.5, -1103.5, -1101.5, -1099.5, -1097.5, -1095.5, -1093.5, -1091.5, -1089.5, -1087.5, -1085.5, -1083.5, -1081.5, -1079.5, -1077.5, -1075.5, -1073.5, -1071.5, -1069.5, -1067.5, -1065.5, -1063.5, -1061.5, -1059.5, -1057.5, -1055.5, -1053.5, -1051.5, -1049.5, -1047.5, -1045.5, -1043.5, -1041.5, -1039.5, -1037.5, -1035.5, -1033.5, -1031.5, -1029.5, -1027.5, -1025.5, -1023.5, -1021.5, -1019.5, -1017.5, -1015.5, -1013.5, -1011.5, -1009.5, -1007.5, -1005.5], "prescription": 60.0, "chunks": 1, "compressed": true}}, "structs": {"RS.CT_1": "RS.CT_1.json"}}